<?xml version='1.0' encoding='UTF-8'?>
<?artifactRepository version='1.1.0'?>
<repository name='Bundle pool' type='org.eclipse.equinox.p2.artifact.repository.simpleRepository' version='1'>
  <properties size='2'>
    <property name='p2.system' value='true'/>
    <property name='p2.timestamp' value='1384625921849'/>
  </properties>
  <mappings size='3'>
    <rule filter='(&amp; (classifier=osgi.bundle))' output='${repoUrl}/plugins/${id}_${version}.jar'/>
    <rule filter='(&amp; (classifier=binary))' output='${repoUrl}/binary/${id}_${version}'/>
    <rule filter='(&amp; (classifier=org.eclipse.update.feature))' output='${repoUrl}/features/${id}_${version}.jar'/>
  </mappings>
  <artifacts size='196'>
    <artifact classifier='osgi.bundle' id='org.eclipse.core.variables' version='3.2.800.v20130819-1716'>
      <properties size='1'>
        <property name='download.size' value='34860'/>
      </properties>
    </artifact>
    <artifact classifier='osgi.bundle' id='org.eclipse.equinox.p2.touchpoint.eclipse' version='2.1.200.v20130327-2119'>
      <properties size='1'>
        <property name='download.size' value='127557'/>
      </properties>
    </artifact>
    <artifact classifier='osgi.bundle' id='org.eclipse.ui.ide' version='3.9.100.v20131101-1142'>
      <properties size='1'>
        <property name='download.size' value='2374695'/>
      </properties>
    </artifact>
    <artifact classifier='osgi.bundle' id='org.eclipse.ecf.provider.filetransfer.httpclient4.ssl' version='1.0.0.v20131027-1505'>
      <properties size='1'>
        <property name='download.size' value='13793'/>
      </properties>
    </artifact>
    <artifact classifier='osgi.bundle' id='org.eclipse.ui.navigator.resources' version='3.4.600.v20130910-0816'>
      <properties size='1'>
        <property name='download.size' value='121054'/>
      </properties>
    </artifact>
    <artifact classifier='osgi.bundle' id='org.eclipse.e4.ui.widgets' version='1.0.0.v20130515-1857'>
      <properties size='1'>
        <property name='download.size' value='14205'/>
      </properties>
    </artifact>
    <artifact classifier='osgi.bundle' id='org.eclipse.osgi' version='3.10.0.v20131101-2116'>
      <properties size='1'>
        <property name='download.size' value='1234322'/>
      </properties>
    </artifact>
    <artifact classifier='osgi.bundle' id='org.eclipse.ecf' version='3.2.0.v20131027-1505'>
      <properties size='1'>
        <property name='download.size' value='94164'/>
      </properties>
    </artifact>
    <artifact classifier='osgi.bundle' id='org.eclipse.equinox.frameworkadmin.equinox' version='1.0.500.v20130807-1030'>
      <properties size='1'>
        <property name='download.size' value='63439'/>
      </properties>
    </artifact>
    <artifact classifier='osgi.bundle' id='org.apache.batik.util.gui' version='1.7.0.v200903091627'>
      <properties size='1'>
        <property name='download.size' value='201287'/>
      </properties>
    </artifact>
    <artifact classifier='osgi.bundle' id='org.apache.httpcomponents.httpclient' version='4.2.5.v201305222326'>
      <properties size='1'>
        <property name='download.size' value='626310'/>
      </properties>
    </artifact>
    <artifact classifier='osgi.bundle' id='org.eclipse.help.webapp' version='3.6.200.v20130514-1258'>
      <properties size='1'>
        <property name='download.size' value='613095'/>
      </properties>
    </artifact>
    <artifact classifier='osgi.bundle' id='org.eclipse.e4.ui.services' version='1.0.0.v20130620-1529'>
      <properties size='1'>
        <property name='download.size' value='24959'/>
      </properties>
    </artifact>
    <artifact classifier='osgi.bundle' id='org.eclipse.core.databinding.property' version='1.4.200.v20130515-1857'>
      <properties size='1'>
        <property name='download.size' value='169046'/>
      </properties>
    </artifact>
    <artifact classifier='osgi.bundle' id='org.eclipse.ui.net' version='1.2.200.v20120807-0927'>
      <properties size='1'>
        <property name='download.size' value='48706'/>
      </properties>
    </artifact>
    <artifact classifier='osgi.bundle' id='javax.servlet' version='3.0.0.v201112011016'>
      <properties size='1'>
        <property name='download.size' value='201594'/>
      </properties>
    </artifact>
    <artifact classifier='osgi.bundle' id='org.eclipse.equinox.p2.core' version='2.3.0.v20130918-2133'>
      <properties size='1'>
        <property name='download.size' value='71397'/>
      </properties>
    </artifact>
    <artifact classifier='osgi.bundle' id='org.eclipse.ui.views' version='3.6.100.v20130326-1250'>
      <properties size='1'>
        <property name='download.size' value='91040'/>
      </properties>
    </artifact>
    <artifact classifier='org.eclipse.update.feature' id='org.eclipse.equinox.p2.extras.feature' version='1.2.0.v20131027-1505'>
      <properties size='1'>
        <property name='download.size' value='17846'/>
      </properties>
      <repositoryProperties size='1'>
        <property name='artifact.folder' value='true'/>
      </repositoryProperties>
    </artifact>
    <artifact classifier='osgi.bundle' id='org.eclipse.ui.editors' version='3.8.100.v20130513-1637'>
      <properties size='1'>
        <property name='download.size' value='576713'/>
      </properties>
    </artifact>
    <artifact classifier='osgi.bundle' id='org.eclipse.equinox.ds' version='1.4.200.v20130814-1519'>
      <properties size='1'>
        <property name='download.size' value='194432'/>
      </properties>
    </artifact>
    <artifact classifier='osgi.bundle' id='org.w3c.dom.smil' version='1.0.0.v200806040011'>
      <properties size='1'>
        <property name='download.size' value='15995'/>
      </properties>
    </artifact>
    <artifact classifier='osgi.bundle' id='org.eclipse.core.jobs' version='3.5.400.v20130717-1327'>
      <properties size='1'>
        <property name='download.size' value='92364'/>
      </properties>
    </artifact>
    <artifact classifier='osgi.bundle' id='org.apache.ant' version='1.9.2.v201307241445'>
      <properties size='1'>
        <property name='download.size' value='2417086'/>
      </properties>
      <repositoryProperties size='1'>
        <property name='artifact.folder' value='true'/>
      </repositoryProperties>
    </artifact>
    <artifact classifier='osgi.bundle' id='org.eclipse.ui.cheatsheets' version='3.4.200.v20130326-1254'>
      <properties size='1'>
        <property name='download.size' value='329870'/>
      </properties>
    </artifact>
    <artifact classifier='osgi.bundle' id='org.eclipse.jetty.security' version='8.1.12.v20130726'>
      <properties size='1'>
        <property name='download.size' value='98897'/>
      </properties>
    </artifact>
    <artifact classifier='osgi.bundle' id='org.eclipse.e4.core.contexts' version='1.3.100.v20130905-1019'>
      <properties size='1'>
        <property name='download.size' value='47214'/>
      </properties>
    </artifact>
    <artifact classifier='osgi.bundle' id='org.eclipse.e4.ui.workbench' version='1.1.0.v20131028-1733'>
      <properties size='1'>
        <property name='download.size' value='249072'/>
      </properties>
    </artifact>
    <artifact classifier='org.eclipse.update.feature' id='org.eclipse.e4.rcp' version='1.3.0.v20131101-2116'>
      <properties size='1'>
        <property name='download.size' value='32505'/>
      </properties>
      <repositoryProperties size='1'>
        <property name='artifact.folder' value='true'/>
      </repositoryProperties>
    </artifact>
    <artifact classifier='osgi.bundle' id='org.eclipse.ui.workbench' version='3.105.100.v20131030-0935'>
      <properties size='1'>
        <property name='download.size' value='3850067'/>
      </properties>
    </artifact>
    <artifact classifier='osgi.bundle' id='org.eclipse.core.databinding' version='1.4.1.v20130515-1857'>
      <properties size='1'>
        <property name='download.size' value='202137'/>
      </properties>
    </artifact>
    <artifact classifier='org.eclipse.update.feature' id='org.eclipse.platform' version='4.4.0.v20131108-1736'>
      <properties size='1'>
        <property name='download.size' value='13938'/>
      </properties>
      <repositoryProperties size='1'>
        <property name='artifact.folder' value='true'/>
      </repositoryProperties>
    </artifact>
    <artifact classifier='osgi.bundle' id='org.eclipse.jetty.servlet' version='8.1.12.v20130726'>
      <properties size='1'>
        <property name='download.size' value='109977'/>
      </properties>
    </artifact>
    <artifact classifier='osgi.bundle' id='org.eclipse.equinox.p2.jarprocessor' version='1.0.300.v20130327-2119'>
      <properties size='1'>
        <property name='download.size' value='65588'/>
      </properties>
    </artifact>
    <artifact classifier='osgi.bundle' id='org.eclipse.core.resources' version='3.9.0.v20131015-1329'>
      <properties size='1'>
        <property name='download.size' value='832121'/>
      </properties>
    </artifact>
    <artifact classifier='osgi.bundle' id='org.eclipse.jetty.io' version='8.1.12.v20130726'>
      <properties size='1'>
        <property name='download.size' value='113351'/>
      </properties>
    </artifact>
    <artifact classifier='osgi.bundle' id='org.eclipse.osgi.compatibility.state' version='1.0.0.v20131023-1243'>
      <properties size='1'>
        <property name='download.size' value='247732'/>
      </properties>
    </artifact>
    <artifact classifier='osgi.bundle' id='org.eclipse.team.core' version='3.7.0.v20130514-1224'>
      <properties size='1'>
        <property name='download.size' value='403539'/>
      </properties>
    </artifact>
    <artifact classifier='osgi.bundle' id='org.eclipse.jsch.core' version='1.1.400.v20131024-0906'>
      <properties size='1'>
        <property name='download.size' value='38118'/>
      </properties>
    </artifact>
    <artifact classifier='osgi.bundle' id='org.eclipse.equinox.p2.directorywatcher' version='1.1.0.v20130911-2004'>
      <properties size='1'>
        <property name='download.size' value='33005'/>
      </properties>
    </artifact>
    <artifact classifier='osgi.bundle' id='org.eclipse.e4.core.di.extensions' version='0.11.100.v20130514-1256'>
      <properties size='1'>
        <property name='download.size' value='23348'/>
      </properties>
    </artifact>
    <artifact classifier='osgi.bundle' id='org.eclipse.ui.navigator' version='3.5.300.v20130517-0139'>
      <properties size='1'>
        <property name='download.size' value='406051'/>
      </properties>
    </artifact>
    <artifact classifier='osgi.bundle' id='org.eclipse.emf.ecore.xmi' version='2.10.0.v20131028-0429'>
      <properties size='1'>
        <property name='download.size' value='227786'/>
      </properties>
    </artifact>
    <artifact classifier='osgi.bundle' id='org.eclipse.e4.ui.workbench.addons.swt' version='1.0.100.v20131030-1357'>
      <properties size='1'>
        <property name='download.size' value='126037'/>
      </properties>
    </artifact>
    <artifact classifier='osgi.bundle' id='org.eclipse.equinox.p2.console' version='1.0.300.v20130327-2119'>
      <properties size='1'>
        <property name='download.size' value='27590'/>
      </properties>
    </artifact>
    <artifact classifier='osgi.bundle' id='org.eclipse.ui.intro' version='3.4.200.v20130326-1254'>
      <properties size='1'>
        <property name='download.size' value='308937'/>
      </properties>
    </artifact>
    <artifact classifier='osgi.bundle' id='org.apache.httpcomponents.httpcore' version='4.2.4.v201310231540'>
      <properties size='1'>
        <property name='download.size' value='259700'/>
      </properties>
    </artifact>
    <artifact classifier='osgi.bundle' id='org.eclipse.core.net' version='1.2.200.v20131024-0900'>
      <properties size='1'>
        <property name='download.size' value='70205'/>
      </properties>
    </artifact>
    <artifact classifier='osgi.bundle' id='org.eclipse.equinox.event' version='1.3.100.v20131021-1935'>
      <properties size='1'>
        <property name='download.size' value='32548'/>
      </properties>
    </artifact>
    <artifact classifier='osgi.bundle' id='org.eclipse.jetty.server' version='8.1.12.v20130726'>
      <properties size='1'>
        <property name='download.size' value='367052'/>
      </properties>
    </artifact>
    <artifact classifier='osgi.bundle' id='org.eclipse.core.databinding.beans' version='1.2.200.v20130515-1857'>
      <properties size='1'>
        <property name='download.size' value='76351'/>
      </properties>
    </artifact>
    <artifact classifier='osgi.bundle' id='org.eclipse.core.net.linux.x86_64' version='1.1.100.v20130430-1352'>
      <properties size='1'>
        <property name='download.size' value='38716'/>
      </properties>
    </artifact>
    <artifact classifier='osgi.bundle' id='org.eclipse.ecf.identity' version='3.2.0.v20131027-1505'>
      <properties size='1'>
        <property name='download.size' value='54414'/>
      </properties>
    </artifact>
    <artifact classifier='osgi.bundle' id='org.eclipse.help' version='3.6.0.v20130326-1254'>
      <properties size='1'>
        <property name='download.size' value='258927'/>
      </properties>
    </artifact>
    <artifact classifier='osgi.bundle' id='org.eclipse.core.databinding.observable' version='1.4.1.v20130927-1704'>
      <properties size='1'>
        <property name='download.size' value='297094'/>
      </properties>
    </artifact>
    <artifact classifier='osgi.bundle' id='org.eclipse.equinox.frameworkadmin' version='2.0.100.v20130327-2119'>
      <properties size='1'>
        <property name='download.size' value='35960'/>
      </properties>
    </artifact>
    <artifact classifier='osgi.bundle' id='org.eclipse.platform.doc.user' version='4.4.0.v20131025-2022'>
      <properties size='1'>
        <property name='download.size' value='8231806'/>
      </properties>
    </artifact>
    <artifact classifier='osgi.bundle' id='com.jcraft.jsch' version='0.1.50.v201310081430'>
      <properties size='1'>
        <property name='download.size' value='265734'/>
      </properties>
    </artifact>
    <artifact classifier='osgi.bundle' id='org.eclipse.equinox.p2.repository.tools' version='2.1.0.v20131025-1420'>
      <properties size='1'>
        <property name='download.size' value='233539'/>
      </properties>
    </artifact>
    <artifact classifier='osgi.bundle' id='org.eclipse.core.filesystem' version='1.4.0.v20130723-1508'>
      <properties size='1'>
        <property name='download.size' value='58062'/>
      </properties>
    </artifact>
    <artifact classifier='osgi.bundle' id='org.eclipse.equinox.http.servlet' version='1.1.400.v20130418-1354'>
      <properties size='1'>
        <property name='download.size' value='44849'/>
      </properties>
    </artifact>
    <artifact classifier='osgi.bundle' id='org.eclipse.e4.core.commands' version='0.10.2.v20131007-1653'>
      <properties size='1'>
        <property name='download.size' value='24033'/>
      </properties>
    </artifact>
    <artifact classifier='osgi.bundle' id='org.eclipse.ui' version='3.106.0.v20131027-0753'>
      <properties size='1'>
        <property name='download.size' value='154038'/>
      </properties>
    </artifact>
    <artifact classifier='osgi.bundle' id='org.w3c.dom.events' version='3.0.0.draft20060413_v201105210656'>
      <properties size='1'>
        <property name='download.size' value='13309'/>
      </properties>
    </artifact>
    <artifact classifier='osgi.bundle' id='org.eclipse.debug.ui' version='3.10.0.v20131003-1341'>
      <properties size='1'>
        <property name='download.size' value='2702242'/>
      </properties>
    </artifact>
    <artifact classifier='osgi.bundle' id='org.eclipse.equinox.p2.repository' version='2.3.0.v20130412-2032'>
      <properties size='1'>
        <property name='download.size' value='129564'/>
      </properties>
    </artifact>
    <artifact classifier='osgi.bundle' id='org.eclipse.equinox.p2.ui.sdk' version='1.0.300.v20131009-1532'>
      <properties size='1'>
        <property name='download.size' value='47414'/>
      </properties>
    </artifact>
    <artifact classifier='osgi.bundle' id='org.eclipse.e4.ui.css.swt.theme' version='0.9.200.v20130820-0924'>
      <properties size='1'>
        <property name='download.size' value='25294'/>
      </properties>
    </artifact>
    <artifact classifier='osgi.bundle' id='org.eclipse.core.contenttype' version='3.4.200.v20130326-1255'>
      <properties size='1'>
        <property name='download.size' value='93013'/>
      </properties>
    </artifact>
    <artifact classifier='osgi.bundle' id='org.eclipse.equinox.p2.metadata.repository' version='1.2.100.v20130327-2119'>
      <properties size='1'>
        <property name='download.size' value='111551'/>
      </properties>
    </artifact>
    <artifact classifier='osgi.bundle' id='org.eclipse.swt' version='3.103.0.v20131030-1514'>
      <properties size='1'>
        <property name='download.size' value='18445'/>
      </properties>
    </artifact>
    <artifact classifier='osgi.bundle' id='org.eclipse.equinox.p2.touchpoint.natives' version='1.1.100.v20130327-2119'>
      <properties size='1'>
        <property name='download.size' value='53136'/>
      </properties>
    </artifact>
    <artifact classifier='osgi.bundle' id='org.apache.batik.util' version='1.7.0.v201011041433'>
      <properties size='1'>
        <property name='download.size' value='150535'/>
      </properties>
    </artifact>
    <artifact classifier='osgi.bundle' id='org.eclipse.e4.ui.di' version='1.0.0.v20130515-1857'>
      <properties size='1'>
        <property name='download.size' value='15730'/>
      </properties>
    </artifact>
    <artifact classifier='osgi.bundle' id='org.eclipse.equinox.jsp.jasper' version='1.0.400.v20130327-1442'>
      <properties size='1'>
        <property name='download.size' value='27962'/>
      </properties>
    </artifact>
    <artifact classifier='osgi.bundle' id='javax.annotation' version='1.1.0.v201209060031'>
      <properties size='1'>
        <property name='download.size' value='27664'/>
      </properties>
    </artifact>
    <artifact classifier='osgi.bundle' id='org.eclipse.equinox.launcher.gtk.linux.x86_64' version='1.1.200.v20131025-1931'>
      <properties size='1'>
        <property name='download.size' value='80523'/>
      </properties>
      <repositoryProperties size='1'>
        <property name='artifact.folder' value='true'/>
      </repositoryProperties>
    </artifact>
    <artifact classifier='osgi.bundle' id='org.eclipse.equinox.p2.extensionlocation' version='1.2.100.v20130327-2119'>
      <properties size='1'>
        <property name='download.size' value='35205'/>
      </properties>
    </artifact>
    <artifact classifier='org.eclipse.update.feature' id='org.eclipse.rcp' version='4.4.0.v20131108-1736'>
      <properties size='1'>
        <property name='download.size' value='12362'/>
      </properties>
      <repositoryProperties size='1'>
        <property name='artifact.folder' value='true'/>
      </repositoryProperties>
    </artifact>
    <artifact classifier='osgi.bundle' id='org.eclipse.equinox.util' version='1.0.500.v20130404-1337'>
      <properties size='1'>
        <property name='download.size' value='77932'/>
      </properties>
    </artifact>
    <artifact classifier='osgi.bundle' id='org.eclipse.ltk.ui.refactoring' version='3.7.100.v20130605-1748'>
      <properties size='1'>
        <property name='download.size' value='458029'/>
      </properties>
    </artifact>
    <artifact classifier='osgi.bundle' id='org.eclipse.core.filebuffers' version='3.5.300.v20130225-1821'>
      <properties size='1'>
        <property name='download.size' value='114602'/>
      </properties>
    </artifact>
    <artifact classifier='osgi.bundle' id='org.eclipse.equinox.preferences' version='3.5.100.v20130422-1538'>
      <properties size='1'>
        <property name='download.size' value='127170'/>
      </properties>
    </artifact>
    <artifact classifier='osgi.bundle' id='org.apache.commons.codec' version='1.6.0.v201305230611'>
      <properties size='1'>
        <property name='download.size' value='258008'/>
      </properties>
    </artifact>
    <artifact classifier='osgi.bundle' id='org.eclipse.text' version='3.5.300.v20130515-1451'>
      <properties size='1'>
        <property name='download.size' value='249432'/>
      </properties>
    </artifact>
    <artifact classifier='osgi.bundle' id='javax.servlet.jsp' version='2.2.0.v201112011158'>
      <properties size='1'>
        <property name='download.size' value='107235'/>
      </properties>
    </artifact>
    <artifact classifier='osgi.bundle' id='org.eclipse.core.commands' version='3.6.100.v20130515-1857'>
      <properties size='1'>
        <property name='download.size' value='108765'/>
      </properties>
    </artifact>
    <artifact classifier='osgi.bundle' id='org.eclipse.rcp' version='4.3.100.v20131108-1736'>
      <properties size='1'>
        <property name='download.size' value='7606'/>
      </properties>
    </artifact>
    <artifact classifier='osgi.bundle' id='org.eclipse.core.filesystem.linux.x86_64' version='1.2.200.v20130725-1948'>
      <properties size='1'>
        <property name='download.size' value='10536'/>
      </properties>
    </artifact>
    <artifact classifier='osgi.bundle' id='org.eclipse.ecf.provider.filetransfer.httpclient4' version='1.0.300.v20131027-1505'>
      <properties size='1'>
        <property name='download.size' value='70909'/>
      </properties>
    </artifact>
    <artifact classifier='osgi.bundle' id='org.eclipse.search' version='3.9.0.v20130312-1625'>
      <properties size='1'>
        <property name='download.size' value='472090'/>
      </properties>
    </artifact>
    <artifact classifier='osgi.bundle' id='org.eclipse.ant.core' version='3.3.0.v20130926-1705'>
      <properties size='1'>
        <property name='download.size' value='106578'/>
      </properties>
    </artifact>
    <artifact classifier='osgi.bundle' id='org.eclipse.ltk.core.refactoring' version='3.6.100.v20130812-0601'>
      <properties size='1'>
        <property name='download.size' value='325887'/>
      </properties>
    </artifact>
    <artifact classifier='osgi.bundle' id='com.vogella.vde' version='0.1.0.201311161818'>
      <properties size='1'>
        <property name='download.size' value='2552'/>
      </properties>
    </artifact>
    <artifact classifier='osgi.bundle' id='org.eclipse.equinox.bidi' version='0.10.0.v20130327-1442'>
      <properties size='1'>
        <property name='download.size' value='48369'/>
      </properties>
    </artifact>
    <artifact classifier='osgi.bundle' id='com.sun.el' version='2.2.0.v201303151357'>
      <properties size='1'>
        <property name='download.size' value='137042'/>
      </properties>
    </artifact>
    <artifact classifier='osgi.bundle' id='org.eclipse.equinox.p2.transport.ecf' version='1.1.0.v20130516-1858'>
      <properties size='1'>
        <property name='download.size' value='41515'/>
      </properties>
    </artifact>
    <artifact classifier='osgi.bundle' id='org.eclipse.equinox.console' version='1.1.0.v20131021-1843'>
      <properties size='1'>
        <property name='download.size' value='118436'/>
      </properties>
    </artifact>
    <artifact classifier='osgi.bundle' id='org.eclipse.equinox.jsp.jasper.registry' version='1.0.300.v20130327-1442'>
      <properties size='1'>
        <property name='download.size' value='11992'/>
      </properties>
    </artifact>
    <artifact classifier='osgi.bundle' id='org.eclipse.e4.ui.css.swt' version='0.11.100.v20131028-1704'>
      <properties size='1'>
        <property name='download.size' value='165501'/>
      </properties>
    </artifact>
    <artifact classifier='org.eclipse.update.feature' id='org.eclipse.equinox.p2.user.ui' version='2.2.0.v20131027-1505'>
      <properties size='1'>
        <property name='download.size' value='17706'/>
      </properties>
      <repositoryProperties size='1'>
        <property name='artifact.folder' value='true'/>
      </repositoryProperties>
    </artifact>
    <artifact classifier='osgi.bundle' id='org.eclipse.ui.ide.application' version='1.0.500.v20131030-0943'>
      <properties size='1'>
        <property name='download.size' value='66042'/>
      </properties>
    </artifact>
    <artifact classifier='osgi.bundle' id='org.w3c.css.sac' version='1.3.1.v200903091627'>
      <properties size='1'>
        <property name='download.size' value='32952'/>
      </properties>
    </artifact>
    <artifact classifier='osgi.bundle' id='org.eclipse.equinox.p2.ql' version='2.0.100.v20130327-2119'>
      <properties size='1'>
        <property name='download.size' value='8976'/>
      </properties>
    </artifact>
    <artifact classifier='osgi.bundle' id='org.eclipse.e4.ui.workbench.swt' version='0.12.100.v20131028-1704'>
      <properties size='1'>
        <property name='download.size' value='172403'/>
      </properties>
    </artifact>
    <artifact classifier='osgi.bundle' id='org.eclipse.core.runtime' version='3.10.0.v20131008-1415'>
      <properties size='1'>
        <property name='download.size' value='74596'/>
      </properties>
    </artifact>
    <artifact classifier='osgi.bundle' id='org.eclipse.emf.ecore.change' version='2.9.0.v20131028-0429'>
      <properties size='1'>
        <property name='download.size' value='85882'/>
      </properties>
    </artifact>
    <artifact classifier='osgi.bundle' id='org.apache.felix.gogo.runtime' version='0.10.0.v201209301036'>
      <properties size='1'>
        <property name='download.size' value='80249'/>
      </properties>
    </artifact>
    <artifact classifier='osgi.bundle' id='org.eclipse.e4.ui.workbench.renderers.swt' version='0.12.0.v20131030-1258'>
      <properties size='1'>
        <property name='download.size' value='335336'/>
      </properties>
    </artifact>
    <artifact classifier='osgi.bundle' id='org.eclipse.team.ui' version='3.7.100.v20130710-1213'>
      <properties size='1'>
        <property name='download.size' value='1438408'/>
      </properties>
    </artifact>
    <artifact classifier='osgi.bundle' id='org.eclipse.e4.ui.css.core' version='0.10.100.v20131008-1327'>
      <properties size='1'>
        <property name='download.size' value='199330'/>
      </properties>
    </artifact>
    <artifact classifier='osgi.bundle' id='org.apache.lucene.analysis' version='3.5.0.v20120725-1805'>
      <properties size='1'>
        <property name='download.size' value='909272'/>
      </properties>
    </artifact>
    <artifact classifier='osgi.bundle' id='org.eclipse.equinox.security.ui' version='1.1.200.v20130626-2037'>
      <properties size='1'>
        <property name='download.size' value='182158'/>
      </properties>
    </artifact>
    <artifact classifier='osgi.bundle' id='org.eclipse.equinox.p2.metadata' version='2.2.0.v20130523-1557'>
      <properties size='1'>
        <property name='download.size' value='337972'/>
      </properties>
    </artifact>
    <artifact classifier='osgi.bundle' id='org.eclipse.equinox.launcher' version='1.3.0.v20130327-1440'>
      <properties size='1'>
        <property name='download.size' value='49968'/>
      </properties>
    </artifact>
    <artifact classifier='osgi.bundle' id='org.eclipse.swt.gtk.linux.x86_64' version='3.103.0.v20131030-1517'>
      <properties size='1'>
        <property name='download.size' value='2544867'/>
      </properties>
    </artifact>
    <artifact classifier='osgi.bundle' id='org.sat4j.core' version='2.3.5.v201308161310'>
      <properties size='1'>
        <property name='download.size' value='363564'/>
      </properties>
    </artifact>
    <artifact classifier='osgi.bundle' id='org.eclipse.equinox.simpleconfigurator' version='1.1.0.v20131028-0959'>
      <properties size='1'>
        <property name='download.size' value='39553'/>
      </properties>
    </artifact>
    <artifact classifier='osgi.bundle' id='org.eclipse.jetty.util' version='8.1.12.v20130726'>
      <properties size='1'>
        <property name='download.size' value='301544'/>
      </properties>
    </artifact>
    <artifact classifier='osgi.bundle' id='org.eclipse.jsch.ui' version='1.1.400.v20131024-0850'>
      <properties size='1'>
        <property name='download.size' value='98143'/>
      </properties>
    </artifact>
    <artifact classifier='osgi.bundle' id='org.apache.felix.gogo.command' version='0.10.0.v201209301215'>
      <properties size='1'>
        <property name='download.size' value='57646'/>
      </properties>
    </artifact>
    <artifact classifier='org.eclipse.update.feature' id='com.vogella.vde.feature' version='0.1.0.201311161818'>
      <properties size='1'>
        <property name='download.size' value='2081'/>
      </properties>
      <repositoryProperties size='1'>
        <property name='artifact.folder' value='true'/>
      </repositoryProperties>
    </artifact>
    <artifact classifier='osgi.bundle' id='org.eclipse.equinox.p2.director.app' version='1.0.300.v20130618-2012'>
      <properties size='1'>
        <property name='download.size' value='45337'/>
      </properties>
    </artifact>
    <artifact classifier='org.eclipse.update.feature' id='org.eclipse.equinox.p2.core.feature' version='1.2.100.v20131027-1505'>
      <properties size='1'>
        <property name='download.size' value='18455'/>
      </properties>
      <repositoryProperties size='1'>
        <property name='artifact.folder' value='true'/>
      </repositoryProperties>
    </artifact>
    <artifact classifier='osgi.bundle' id='org.apache.jasper.glassfish' version='2.2.2.v201205150955'>
      <properties size='1'>
        <property name='download.size' value='2383691'/>
      </properties>
    </artifact>
    <artifact classifier='osgi.bundle' id='javax.inject' version='1.0.0.v20091030'>
      <properties size='1'>
        <property name='download.size' value='12288'/>
      </properties>
    </artifact>
    <artifact classifier='osgi.bundle' id='org.eclipse.ecf.provider.filetransfer.ssl' version='1.0.0.v20131027-1505'>
      <properties size='1'>
        <property name='download.size' value='9676'/>
      </properties>
    </artifact>
    <artifact classifier='osgi.bundle' id='org.sat4j.pb' version='2.3.5.v201308161310'>
      <properties size='1'>
        <property name='download.size' value='242563'/>
      </properties>
    </artifact>
    <artifact classifier='osgi.bundle' id='org.eclipse.equinox.p2.artifact.repository' version='1.1.300.v20130711-1537'>
      <properties size='1'>
        <property name='download.size' value='135799'/>
      </properties>
    </artifact>
    <artifact classifier='osgi.bundle' id='org.eclipse.osgi.services' version='3.4.0.v20131023-1243'>
      <properties size='1'>
        <property name='download.size' value='90406'/>
      </properties>
    </artifact>
    <artifact classifier='osgi.bundle' id='org.apache.batik.css' version='1.7.0.v201011041433'>
      <properties size='1'>
        <property name='download.size' value='343722'/>
      </properties>
    </artifact>
    <artifact classifier='osgi.bundle' id='org.eclipse.ui.browser' version='3.4.200.v20131003-1453'>
      <properties size='1'>
        <property name='download.size' value='192495'/>
      </properties>
    </artifact>
    <artifact classifier='osgi.bundle' id='org.eclipse.e4.ui.bindings' version='0.10.200.v20131030-1600'>
      <properties size='1'>
        <property name='download.size' value='48558'/>
      </properties>
    </artifact>
    <artifact classifier='osgi.bundle' id='org.eclipse.ecf.ssl' version='1.1.0.v20131027-1505'>
      <properties size='1'>
        <property name='download.size' value='14554'/>
      </properties>
    </artifact>
    <artifact classifier='osgi.bundle' id='org.eclipse.equinox.p2.publisher' version='1.3.0.v20130904-1838'>
      <properties size='1'>
        <property name='download.size' value='107629'/>
      </properties>
    </artifact>
    <artifact classifier='osgi.bundle' id='org.eclipse.emf.common' version='2.10.0.v20131028-0429'>
      <properties size='1'>
        <property name='download.size' value='351635'/>
      </properties>
    </artifact>
    <artifact classifier='osgi.bundle' id='org.eclipse.help.base' version='4.0.100.v20131108-1736'>
      <properties size='1'>
        <property name='download.size' value='388862'/>
      </properties>
    </artifact>
    <artifact classifier='osgi.bundle' id='org.eclipse.e4.core.services' version='1.2.0.v20131022-1357'>
      <properties size='1'>
        <property name='download.size' value='42603'/>
      </properties>
    </artifact>
    <artifact classifier='osgi.bundle' id='org.eclipse.equinox.p2.updatechecker' version='1.1.200.v20130327-2119'>
      <properties size='1'>
        <property name='download.size' value='17486'/>
      </properties>
    </artifact>
    <artifact classifier='org.eclipse.update.feature' id='org.eclipse.help' version='2.0.0.v20131108-1736'>
      <properties size='1'>
        <property name='download.size' value='12738'/>
      </properties>
      <repositoryProperties size='1'>
        <property name='artifact.folder' value='true'/>
      </repositoryProperties>
    </artifact>
    <artifact classifier='osgi.bundle' id='org.eclipse.ecf.filetransfer' version='5.0.0.v20131027-1505'>
      <properties size='1'>
        <property name='download.size' value='51728'/>
      </properties>
    </artifact>
    <artifact classifier='osgi.bundle' id='org.eclipse.osgi.util' version='3.3.0.v20131023-1243'>
      <properties size='1'>
        <property name='download.size' value='26321'/>
      </properties>
    </artifact>
    <artifact classifier='osgi.bundle' id='org.eclipse.equinox.security' version='1.2.0.v20130424-1801'>
      <properties size='1'>
        <property name='download.size' value='107313'/>
      </properties>
    </artifact>
    <artifact classifier='org.eclipse.update.feature' id='org.eclipse.emf.ecore' version='2.10.0.v20131028-0429'>
      <properties size='1'>
        <property name='download.size' value='18409'/>
      </properties>
      <repositoryProperties size='1'>
        <property name='artifact.folder' value='true'/>
      </repositoryProperties>
    </artifact>
    <artifact classifier='osgi.bundle' id='org.w3c.dom.svg' version='1.1.0.v201011041433'>
      <properties size='1'>
        <property name='download.size' value='87897'/>
      </properties>
    </artifact>
    <artifact classifier='osgi.bundle' id='org.eclipse.emf.ecore' version='2.10.0.v20131028-0429'>
      <properties size='1'>
        <property name='download.size' value='1183230'/>
      </properties>
    </artifact>
    <artifact classifier='osgi.bundle' id='org.eclipse.e4.ui.model.workbench' version='1.1.0.v20130729-1955'>
      <properties size='1'>
        <property name='download.size' value='383880'/>
      </properties>
    </artifact>
    <artifact classifier='osgi.bundle' id='org.eclipse.ui.forms' version='3.6.100.v20130910-1539'>
      <properties size='1'>
        <property name='download.size' value='302092'/>
      </properties>
    </artifact>
    <artifact classifier='osgi.bundle' id='org.apache.felix.gogo.shell' version='0.10.0.v201212101605'>
      <properties size='1'>
        <property name='download.size' value='60827'/>
      </properties>
    </artifact>
    <artifact classifier='osgi.bundle' id='org.eclipse.ui.views.properties.tabbed' version='3.6.0.v20130515-1857'>
      <properties size='1'>
        <property name='download.size' value='106329'/>
      </properties>
    </artifact>
    <artifact classifier='org.eclipse.update.feature' id='org.eclipse.emf.common' version='2.10.0.v20131028-0429'>
      <properties size='1'>
        <property name='download.size' value='18367'/>
      </properties>
      <repositoryProperties size='1'>
        <property name='artifact.folder' value='true'/>
      </repositoryProperties>
    </artifact>
    <artifact classifier='osgi.bundle' id='org.eclipse.equinox.p2.director' version='2.3.0.v20130903-1834'>
      <properties size='1'>
        <property name='download.size' value='102930'/>
      </properties>
    </artifact>
    <artifact classifier='osgi.bundle' id='org.eclipse.ecf.provider.filetransfer' version='3.2.0.v20131027-1505'>
      <properties size='1'>
        <property name='download.size' value='127622'/>
      </properties>
    </artifact>
    <artifact classifier='osgi.bundle' id='com.ibm.icu' version='50.1.1.v201304230130'>
      <properties size='1'>
        <property name='download.size' value='9451362'/>
      </properties>
    </artifact>
    <artifact classifier='osgi.bundle' id='org.eclipse.compare' version='3.5.500.v20130816-1011'>
      <properties size='1'>
        <property name='download.size' value='754598'/>
      </properties>
    </artifact>
    <artifact classifier='osgi.bundle' id='org.eclipse.equinox.p2.engine' version='2.3.0.v20130526-2122'>
      <properties size='1'>
        <property name='download.size' value='200296'/>
      </properties>
    </artifact>
    <artifact classifier='osgi.bundle' id='org.eclipse.equinox.p2.ui.importexport' version='1.1.0.v20130327-2119'>
      <properties size='1'>
        <property name='download.size' value='118873'/>
      </properties>
    </artifact>
    <artifact classifier='osgi.bundle' id='org.eclipse.core.externaltools' version='1.0.300.v20130819-1716'>
      <properties size='1'>
        <property name='download.size' value='41675'/>
      </properties>
    </artifact>
    <artifact classifier='osgi.bundle' id='org.eclipse.ui.console' version='3.5.300.v20130819-1716'>
      <properties size='1'>
        <property name='download.size' value='166226'/>
      </properties>
    </artifact>
    <artifact classifier='osgi.bundle' id='org.eclipse.help.ui' version='4.0.100.v20130628-1955'>
      <properties size='1'>
        <property name='download.size' value='499094'/>
      </properties>
    </artifact>
    <artifact classifier='osgi.bundle' id='org.eclipse.platform' version='4.4.0.v20131108-1736'>
      <properties size='1'>
        <property name='download.size' value='387754'/>
      </properties>
      <repositoryProperties size='1'>
        <property name='artifact.folder' value='true'/>
      </repositoryProperties>
    </artifact>
    <artifact classifier='osgi.bundle' id='org.eclipse.debug.core' version='3.9.0.v20131003-1341'>
      <properties size='1'>
        <property name='download.size' value='357916'/>
      </properties>
    </artifact>
    <artifact classifier='osgi.bundle' id='javax.xml' version='1.3.4.v201005080400'>
      <properties size='1'>
        <property name='download.size' value='237996'/>
      </properties>
    </artifact>
    <artifact classifier='osgi.bundle' id='org.eclipse.equinox.http.registry' version='1.1.300.v20130402-1529'>
      <properties size='1'>
        <property name='download.size' value='45081'/>
      </properties>
    </artifact>
    <artifact classifier='osgi.bundle' id='org.eclipse.jface' version='3.10.0.v20131015-1506'>
      <properties size='1'>
        <property name='download.size' value='1111214'/>
      </properties>
    </artifact>
    <artifact classifier='osgi.bundle' id='org.eclipse.core.runtime.compatibility.registry' version='3.5.300.v20130916-1243'>
      <properties size='1'>
        <property name='download.size' value='18899'/>
      </properties>
      <repositoryProperties size='1'>
        <property name='artifact.folder' value='true'/>
      </repositoryProperties>
    </artifact>
    <artifact classifier='osgi.bundle' id='org.eclipse.equinox.p2.ui' version='2.3.0.v20130618-2008'>
      <properties size='1'>
        <property name='download.size' value='551793'/>
      </properties>
    </artifact>
    <artifact classifier='osgi.bundle' id='org.eclipse.core.expressions' version='3.4.600.v20130910-0844'>
      <properties size='1'>
        <property name='download.size' value='88287'/>
      </properties>
    </artifact>
    <artifact classifier='osgi.bundle' id='org.eclipse.equinox.p2.garbagecollector' version='1.0.200.v20130327-2119'>
      <properties size='1'>
        <property name='download.size' value='25053'/>
      </properties>
    </artifact>
    <artifact classifier='osgi.bundle' id='org.eclipse.jface.text' version='3.8.200.v20131030-1305'>
      <properties size='1'>
        <property name='download.size' value='992438'/>
      </properties>
    </artifact>
    <artifact classifier='osgi.bundle' id='org.apache.commons.logging' version='1.1.1.v201101211721'>
      <properties size='1'>
        <property name='download.size' value='68107'/>
      </properties>
    </artifact>
    <artifact classifier='osgi.bundle' id='org.eclipse.equinox.p2.reconciler.dropins' version='1.1.200.v20130419-1850'>
      <properties size='1'>
        <property name='download.size' value='48434'/>
      </properties>
    </artifact>
    <artifact classifier='osgi.bundle' id='org.apache.lucene.core' version='3.5.0.v20120725-1805'>
      <properties size='1'>
        <property name='download.size' value='1550773'/>
      </properties>
    </artifact>
    <artifact classifier='osgi.bundle' id='org.eclipse.equinox.concurrent' version='1.1.0.v20130327-1442'>
      <properties size='1'>
        <property name='download.size' value='25493'/>
      </properties>
    </artifact>
    <artifact classifier='osgi.bundle' id='org.eclipse.equinox.common' version='3.6.200.v20130402-1505'>
      <properties size='1'>
        <property name='download.size' value='106701'/>
      </properties>
    </artifact>
    <artifact classifier='osgi.bundle' id='org.eclipse.ui.workbench.texteditor' version='3.9.0.v20130802-0858'>
      <properties size='1'>
        <property name='download.size' value='585028'/>
      </properties>
    </artifact>
    <artifact classifier='osgi.bundle' id='org.eclipse.equinox.p2.updatesite' version='1.0.400.v20130903-1904'>
      <properties size='1'>
        <property name='download.size' value='92076'/>
      </properties>
    </artifact>
    <artifact classifier='osgi.bundle' id='org.eclipse.ui.externaltools' version='3.2.300.v20130906-1621'>
      <properties size='1'>
        <property name='download.size' value='140469'/>
      </properties>
    </artifact>
    <artifact classifier='osgi.bundle' id='org.eclipse.core.runtime.compatibility' version='3.2.200.v20130326-1255'>
      <properties size='1'>
        <property name='download.size' value='93921'/>
      </properties>
    </artifact>
    <artifact classifier='osgi.bundle' id='org.eclipse.equinox.p2.publisher.eclipse' version='1.1.200.v20130516-1953'>
      <properties size='1'>
        <property name='download.size' value='207496'/>
      </properties>
    </artifact>
    <artifact classifier='osgi.bundle' id='org.eclipse.e4.ui.workbench3' version='0.12.0.v20130515-1857'>
      <properties size='1'>
        <property name='download.size' value='10248'/>
      </properties>
    </artifact>
    <artifact classifier='osgi.bundle' id='org.eclipse.update.configurator' version='3.3.200.v20130326-1319'>
      <properties size='1'>
        <property name='download.size' value='101018'/>
      </properties>
    </artifact>
    <artifact classifier='osgi.bundle' id='org.eclipse.jface.databinding' version='1.6.200.v20130515-1857'>
      <properties size='1'>
        <property name='download.size' value='278295'/>
      </properties>
    </artifact>
    <artifact classifier='osgi.bundle' id='org.eclipse.equinox.app' version='1.3.200.v20130910-1609'>
      <properties size='1'>
        <property name='download.size' value='86245'/>
      </properties>
    </artifact>
    <artifact classifier='org.eclipse.update.feature' id='org.eclipse.equinox.p2.rcp.feature' version='1.2.0.v20131027-1505'>
      <properties size='1'>
        <property name='download.size' value='17743'/>
      </properties>
      <repositoryProperties size='1'>
        <property name='artifact.folder' value='true'/>
      </repositoryProperties>
    </artifact>
    <artifact classifier='osgi.bundle' id='org.eclipse.equinox.p2.operations' version='2.4.0.v20130723-1525'>
      <properties size='1'>
        <property name='download.size' value='75460'/>
      </properties>
    </artifact>
    <artifact classifier='osgi.bundle' id='org.eclipse.compare.core' version='3.5.400.v20130903-0736'>
      <properties size='1'>
        <property name='download.size' value='63387'/>
      </properties>
    </artifact>
    <artifact classifier='osgi.bundle' id='org.eclipse.equinox.registry' version='3.5.400.v20130717-1325'>
      <properties size='1'>
        <property name='download.size' value='184142'/>
      </properties>
    </artifact>
    <artifact classifier='osgi.bundle' id='javax.el' version='2.2.0.v201303151357'>
      <properties size='1'>
        <property name='download.size' value='56002'/>
      </properties>
    </artifact>
    <artifact classifier='osgi.bundle' id='org.eclipse.ui.intro.universal' version='3.2.700.v20130904-1701'>
      <properties size='1'>
        <property name='download.size' value='1632342'/>
      </properties>
      <repositoryProperties size='1'>
        <property name='artifact.folder' value='true'/>
      </repositoryProperties>
    </artifact>
    <artifact classifier='osgi.bundle' id='org.eclipse.jetty.continuation' version='8.1.12.v20130726'>
      <properties size='1'>
        <property name='download.size' value='27567'/>
      </properties>
    </artifact>
    <artifact classifier='osgi.bundle' id='org.eclipse.equinox.http.jetty' version='3.0.200.v20131021-1843'>
      <properties size='1'>
        <property name='download.size' value='25028'/>
      </properties>
    </artifact>
    <artifact classifier='osgi.bundle' id='org.eclipse.equinox.simpleconfigurator.manipulator' version='2.0.0.v20130327-2119'>
      <properties size='1'>
        <property name='download.size' value='25285'/>
      </properties>
    </artifact>
    <artifact classifier='osgi.bundle' id='org.eclipse.e4.core.di' version='1.3.0.v20130514-1256'>
      <properties size='1'>
        <property name='download.size' value='52219'/>
      </properties>
    </artifact>
    <artifact classifier='osgi.bundle' id='org.eclipse.equinox.p2.ui.sdk.scheduler' version='1.2.0.v20130828-0033'>
      <properties size='1'>
        <property name='download.size' value='110317'/>
      </properties>
    </artifact>
    <artifact classifier='osgi.bundle' id='org.eclipse.jetty.http' version='8.1.12.v20130726'>
      <properties size='1'>
        <property name='download.size' value='103684'/>
      </properties>
    </artifact>
  </artifacts>
</repository>
