<?xml version="1.0" encoding="UTF-8"?>
<config transient="false" date="1384625924189">
	<site enabled="true" updateable="true" policy="USER-EXCLUDE" url="platform:/base/">
		<feature id="org.eclipse.emf.ecore" url="features/org.eclipse.emf.ecore_2.10.0.v20131028-0429/" version="2.10.0.v20131028-0429">
		</feature>
		<feature id="com.vogella.vde.feature" url="features/com.vogella.vde.feature_0.1.0.201311161818/" version="0.1.0.201311161818">
		</feature>
		<feature id="org.eclipse.rcp" url="features/org.eclipse.rcp_4.4.0.v20131108-1736/" version="4.4.0.v20131108-1736">
		</feature>
		<feature id="org.eclipse.e4.rcp" url="features/org.eclipse.e4.rcp_1.3.0.v20131101-2116/" version="1.3.0.v20131101-2116">
		</feature>
		<feature id="org.eclipse.emf.common" url="features/org.eclipse.emf.common_2.10.0.v20131028-0429/" version="2.10.0.v20131028-0429">
		</feature>
		<feature id="org.eclipse.platform" url="features/org.eclipse.platform_4.4.0.v20131108-1736/" version="4.4.0.v20131108-1736">
		</feature>
		<feature id="org.eclipse.equinox.p2.user.ui" url="features/org.eclipse.equinox.p2.user.ui_2.2.0.v20131027-1505/" version="2.2.0.v20131027-1505">
		</feature>
		<feature id="org.eclipse.equinox.p2.extras.feature" url="features/org.eclipse.equinox.p2.extras.feature_1.2.0.v20131027-1505/" version="1.2.0.v20131027-1505">
		</feature>
		<feature id="org.eclipse.equinox.p2.rcp.feature" url="features/org.eclipse.equinox.p2.rcp.feature_1.2.0.v20131027-1505/" version="1.2.0.v20131027-1505">
		</feature>
		<feature id="org.eclipse.help" plugin-identifier="org.eclipse.help.base" url="features/org.eclipse.help_2.0.0.v20131108-1736/" version="2.0.0.v20131108-1736">
		</feature>
		<feature id="org.eclipse.equinox.p2.core.feature" url="features/org.eclipse.equinox.p2.core.feature_1.2.100.v20131027-1505/" version="1.2.100.v20131027-1505">
		</feature>
	</site>
</config>
