<?xml version="1.0" encoding="UTF-8"?>
<feature
      id="com.vogella.vde.feature"
      label="Feature"
      version="0.1.0.201311161818"
      provider-name="VOGELLA">

   <description url="http://www.example.com/description">
      [Enter Feature Description here.]
   </description>

   <copyright url="http://www.example.com/copyright">
      [Enter Copyright Description here.]
   </copyright>

   <license url="http://www.example.com/license">
      [Enter License Description here.]
   </license>

   <includes
         id="org.eclipse.platform"
         version="4.4.0.v20131108-1736"
         search-location="both"/>

   <requires>
      <import plugin="org.eclipse.platform"/>
      <import plugin="org.eclipse.equinox.app"/>
   </requires>

   <plugin
         id="com.vogella.vde"
         download-size="2"
         install-size="3"
         version="0.1.0.201311161818"
         unpack="false"/>

</feature>
