<?xml version="1.0" encoding="UTF-8"?>
<feature
      id="org.eclipse.e4.rcp"
      label="%featureName"
      version="1.3.0.v20131101-2116"
      provider-name="%providerName"
      image="eclipse_update_120.jpg">

   <description>
      %description
   </description>

   <copyright>
      %copyright
   </copyright>

   <license url="%licenseURL">
      %license
   </license>

   <requires>
      <import feature="org.eclipse.emf.common" version="2.7.0" match="compatible"/>
      <import feature="org.eclipse.emf.ecore" version="2.7.0" match="compatible"/>
   </requires>

   <plugin
         id="org.eclipse.e4.core.services"
         download-size="41"
         install-size="75"
         version="1.2.0.v20131022-1357"
         unpack="false"/>

   <plugin
         id="org.eclipse.e4.ui.workbench.swt"
         download-size="168"
         install-size="337"
         version="0.12.100.v20131028-1704"
         unpack="false"/>

   <plugin
         id="org.eclipse.e4.core.commands"
         download-size="23"
         install-size="43"
         version="0.10.2.v20131007-1653"
         unpack="false"/>

   <plugin
         id="org.eclipse.e4.ui.bindings"
         download-size="47"
         install-size="97"
         version="0.10.200.v20131030-1600"
         unpack="false"/>

   <plugin
         id="org.eclipse.e4.ui.model.workbench"
         download-size="374"
         install-size="1173"
         version="1.1.0.v20130729-1955"
         unpack="false"/>

   <plugin
         id="org.eclipse.e4.ui.services"
         download-size="24"
         install-size="39"
         version="1.0.0.v20130620-1529"
         unpack="false"/>

   <plugin
         id="org.eclipse.e4.ui.workbench.renderers.swt"
         download-size="327"
         install-size="720"
         version="0.12.0.v20131030-1258"
         unpack="false"/>

   <plugin
         id="org.eclipse.e4.ui.workbench"
         download-size="243"
         install-size="519"
         version="1.1.0.v20131028-1733"
         unpack="false"/>

   <plugin
         id="org.eclipse.e4.ui.css.core"
         download-size="194"
         install-size="400"
         version="0.10.100.v20131008-1327"
         unpack="false"/>

   <plugin
         id="org.eclipse.e4.ui.css.swt"
         download-size="161"
         install-size="336"
         version="0.11.100.v20131028-1704"
         unpack="false"/>

   <plugin
         id="org.apache.batik.css"
         download-size="335"
         install-size="687"
         version="1.7.0.v201011041433"
         unpack="false"/>

   <plugin
         id="org.w3c.css.sac"
         download-size="32"
         install-size="56"
         version="1.3.1.v200903091627"
         unpack="false"/>

   <plugin
         id="org.apache.batik.util"
         download-size="147"
         install-size="293"
         version="1.7.0.v201011041433"
         unpack="false"/>

   <plugin
         id="org.w3c.dom.svg"
         download-size="85"
         install-size="119"
         version="1.1.0.v201011041433"
         unpack="false"/>

   <plugin
         id="org.w3c.dom.smil"
         download-size="15"
         install-size="30"
         version="1.0.0.v200806040011"
         unpack="false"/>

   <plugin
         id="org.w3c.dom.events"
         download-size="12"
         install-size="19"
         version="3.0.0.draft20060413_v201105210656"
         unpack="false"/>

   <plugin
         id="javax.inject"
         download-size="12"
         install-size="21"
         version="1.0.0.v20091030"
         unpack="false"/>

   <plugin
         id="javax.annotation"
         download-size="27"
         install-size="57"
         version="1.1.0.v201209060031"
         unpack="false"/>

   <plugin
         id="org.eclipse.e4.core.di"
         download-size="50"
         install-size="99"
         version="1.3.0.v20130514-1256"
         unpack="false"/>

   <plugin
         id="org.eclipse.e4.core.contexts"
         download-size="46"
         install-size="91"
         version="1.3.100.v20130905-1019"
         unpack="false"/>

   <plugin
         id="org.apache.batik.util.gui"
         download-size="196"
         install-size="358"
         version="1.7.0.v200903091627"
         unpack="false"/>

   <plugin
         id="javax.xml"
         download-size="232"
         install-size="378"
         version="1.3.4.v201005080400"
         unpack="false"/>

   <plugin
         id="org.eclipse.e4.core.di.extensions"
         download-size="22"
         install-size="41"
         version="0.11.100.v20130514-1256"
         unpack="false"/>

   <plugin
         id="org.eclipse.e4.ui.css.swt.theme"
         download-size="24"
         install-size="43"
         version="0.9.200.v20130820-0924"
         unpack="false"/>

   <plugin
         id="org.eclipse.e4.ui.di"
         download-size="15"
         install-size="22"
         version="1.0.0.v20130515-1857"
         unpack="false"/>

   <plugin
         id="org.eclipse.e4.ui.widgets"
         download-size="13"
         install-size="22"
         version="1.0.0.v20130515-1857"
         unpack="false"/>

   <plugin
         id="org.eclipse.e4.ui.workbench.renderers.swt.cocoa"
         os="macosx"
         ws="cocoa"
         download-size="37"
         install-size="70"
         version="0.11.200.v20130820-0955"
         fragment="true"
         unpack="false"/>

   <plugin
         id="org.eclipse.equinox.common"
         download-size="104"
         install-size="192"
         version="3.6.200.v20130402-1505"
         unpack="false"/>

   <plugin
         id="org.eclipse.equinox.ds"
         download-size="189"
         install-size="391"
         version="1.4.200.v20130814-1519"
         unpack="false"/>

   <plugin
         id="org.eclipse.equinox.event"
         download-size="31"
         install-size="57"
         version="1.3.100.v20131021-1935"
         unpack="false"/>

   <plugin
         id="org.eclipse.core.commands"
         download-size="105"
         install-size="199"
         version="3.6.100.v20130515-1857"
         unpack="false"/>

   <plugin
         id="org.eclipse.core.contenttype"
         download-size="90"
         install-size="186"
         version="3.4.200.v20130326-1255"
         unpack="false"/>

   <plugin
         id="org.eclipse.core.databinding"
         download-size="197"
         install-size="417"
         version="1.4.1.v20130515-1857"
         unpack="false"/>

   <plugin
         id="org.eclipse.core.databinding.beans"
         download-size="74"
         install-size="186"
         version="1.2.200.v20130515-1857"
         unpack="false"/>

   <plugin
         id="org.eclipse.core.databinding.observable"
         download-size="290"
         install-size="614"
         version="1.4.1.v20130927-1704"
         unpack="false"/>

   <plugin
         id="org.eclipse.core.databinding.property"
         download-size="164"
         install-size="389"
         version="1.4.200.v20130515-1857"
         unpack="false"/>

   <plugin
         id="org.eclipse.core.expressions"
         download-size="86"
         install-size="168"
         version="3.4.600.v20130910-0844"
         unpack="false"/>

   <plugin
         id="org.eclipse.core.jobs"
         download-size="90"
         install-size="176"
         version="3.5.400.v20130717-1327"
         unpack="false"/>

   <plugin
         id="org.eclipse.core.runtime"
         download-size="72"
         install-size="155"
         version="3.10.0.v20131008-1415"
         unpack="false"/>

   <plugin
         id="org.eclipse.equinox.app"
         download-size="84"
         install-size="170"
         version="1.3.200.v20130910-1609"
         unpack="false"/>

   <plugin
         id="org.eclipse.equinox.launcher"
         download-size="48"
         install-size="86"
         version="1.3.0.v20130327-1440"
         unpack="false"/>

   <plugin
         id="com.ibm.icu"
         download-size="9229"
         install-size="20197"
         version="50.1.1.v201304230130"
         unpack="false"/>

   <plugin
         id="org.eclipse.equinox.preferences"
         download-size="123"
         install-size="250"
         version="3.5.100.v20130422-1538"
         unpack="false"/>

   <plugin
         id="org.eclipse.equinox.registry"
         download-size="179"
         install-size="373"
         version="3.5.400.v20130717-1325"
         unpack="false"/>

   <plugin
         id="org.eclipse.equinox.simpleconfigurator"
         download-size="38"
         install-size="69"
         version="1.1.0.v20131028-0959"
         unpack="false"/>

   <plugin
         id="org.eclipse.osgi"
         download-size="1205"
         install-size="2558"
         version="3.10.0.v20131101-2116"
         unpack="false"/>

   <plugin
         id="org.eclipse.osgi.compatibility.state"
         download-size="241"
         install-size="590"
         version="1.0.0.v20131023-1243"
         fragment="true"
         unpack="false"/>

   <plugin
         id="org.eclipse.osgi.services"
         download-size="88"
         install-size="141"
         version="3.4.0.v20131023-1243"
         unpack="false"/>

   <plugin
         id="org.eclipse.equinox.launcher.gtk.solaris.sparc"
         os="solaris"
         ws="gtk"
         arch="sparc"
         download-size="40"
         install-size="105"
         version="1.1.200.v20131025-1931"
         fragment="true"/>

   <plugin
         id="org.eclipse.equinox.launcher.gtk.solaris.x86"
         os="solaris"
         ws="gtk"
         arch="x86"
         download-size="35"
         install-size="94"
         version="1.1.200.v20131025-1931"
         fragment="true"/>

   <plugin
         id="org.eclipse.equinox.launcher.cocoa.macosx"
         os="macosx"
         ws="cocoa"
         arch="x86"
         download-size="49"
         install-size="133"
         version="1.1.200.v20131025-1931"
         fragment="true"/>

   <plugin
         id="org.eclipse.equinox.launcher.cocoa.macosx.x86_64"
         os="macosx"
         ws="cocoa"
         arch="x86_64"
         download-size="30"
         install-size="67"
         version="1.1.200.v20131025-1931"
         fragment="true"/>

   <plugin
         id="org.eclipse.equinox.launcher.gtk.linux.ppc"
         os="linux"
         ws="gtk"
         arch="ppc"
         download-size="79"
         install-size="198"
         version="1.1.200.v20131025-1931"
         fragment="true"/>

   <plugin
         id="org.eclipse.equinox.launcher.gtk.linux.ppc64"
         os="linux"
         ws="gtk"
         arch="ppc64"
         download-size="82"
         install-size="225"
         version="1.0.200.v20131025-1931"
         fragment="true"/>

   <plugin
         id="org.eclipse.equinox.launcher.gtk.linux.x86"
         os="linux"
         ws="gtk"
         arch="x86"
         download-size="74"
         install-size="175"
         version="1.1.200.v20131025-1931"
         fragment="true"/>

   <plugin
         id="org.eclipse.equinox.launcher.gtk.linux.s390x"
         os="linux"
         ws="gtk"
         arch="s390x"
         download-size="82"
         install-size="218"
         version="1.1.200.v20131025-1931"
         fragment="true"/>

   <plugin
         id="org.eclipse.equinox.launcher.gtk.linux.s390"
         os="linux"
         ws="gtk"
         arch="s390"
         download-size="81"
         install-size="198"
         version="1.1.200.v20131025-1931"
         fragment="true"/>

   <plugin
         id="org.eclipse.equinox.launcher.gtk.linux.x86_64"
         os="linux"
         ws="gtk"
         arch="x86_64"
         download-size="78"
         install-size="197"
         version="1.1.200.v20131025-1931"
         fragment="true"/>

   <plugin
         id="org.eclipse.equinox.launcher.gtk.aix.ppc"
         os="aix"
         ws="gtk"
         arch="ppc"
         download-size="300"
         install-size="1028"
         version="1.1.100.v20131025-1931"
         fragment="true"/>

   <plugin
         id="org.eclipse.equinox.launcher.gtk.aix.ppc64"
         os="aix"
         ws="gtk"
         arch="ppc64"
         download-size="306"
         install-size="1075"
         version="1.1.100.v20131025-1931"
         fragment="true"/>

   <plugin
         id="org.eclipse.equinox.launcher.gtk.hpux.ia64"
         os="hpux"
         ws="gtk"
         arch="ia64"
         download-size="43"
         install-size="157"
         version="1.0.100.v20131026-1646"
         fragment="true"/>

   <plugin
         id="org.eclipse.equinox.launcher.win32.win32.x86"
         os="win32"
         ws="win32"
         arch="x86"
         download-size="26"
         install-size="63"
         version="1.1.200.v20131025-1931"
         fragment="true"/>

   <plugin
         id="org.eclipse.equinox.launcher.win32.win32.x86_64"
         os="win32"
         ws="win32"
         arch="x86_64"
         download-size="28"
         install-size="67"
         version="1.1.200.v20131025-1931"
         fragment="true"/>

   <plugin
         id="org.eclipse.swt"
         download-size="18"
         install-size="36"
         version="3.103.0.v20131030-1514"
         unpack="false"/>

   <plugin
         id="org.eclipse.swt.win32.win32.x86"
         os="win32"
         ws="win32"
         arch="x86"
         download-size="2618"
         install-size="5431"
         version="3.103.0.v20131030-1517"
         fragment="true"
         unpack="false"/>

   <plugin
         id="org.eclipse.swt.win32.win32.x86_64"
         os="win32"
         ws="win32"
         arch="x86_64"
         download-size="2633"
         install-size="5561"
         version="3.103.0.v20131030-1517"
         fragment="true"
         unpack="false"/>

   <plugin
         id="org.eclipse.swt.gtk.linux.x86"
         os="linux"
         ws="gtk"
         arch="x86"
         download-size="2336"
         install-size="5393"
         version="3.103.0.v20131030-1517"
         fragment="true"
         unpack="false"/>

   <plugin
         id="org.eclipse.swt.gtk.linux.s390x"
         os="linux"
         ws="gtk"
         arch="s390x"
         download-size="2404"
         install-size="5878"
         version="3.103.0.v20131030-1517"
         fragment="true"
         unpack="false"/>

   <plugin
         id="org.eclipse.swt.gtk.linux.s390"
         os="linux"
         ws="gtk"
         arch="s390"
         download-size="2371"
         install-size="5664"
         version="3.103.0.v20131030-1517"
         fragment="true"
         unpack="false"/>

   <plugin
         id="org.eclipse.swt.gtk.solaris.sparc"
         os="solaris"
         ws="gtk"
         arch="sparc"
         download-size="2294"
         install-size="5281"
         version="3.103.0.v20131030-1517"
         fragment="true"
         unpack="false"/>

   <plugin
         id="org.eclipse.swt.gtk.solaris.x86"
         os="solaris"
         ws="gtk"
         arch="x86"
         download-size="2233"
         install-size="5047"
         version="3.103.0.v20131030-1517"
         fragment="true"
         unpack="false"/>

   <plugin
         id="org.eclipse.swt.gtk.linux.ppc"
         os="linux"
         ws="gtk"
         arch="ppc"
         download-size="2342"
         install-size="5711"
         version="3.103.0.v20131030-1517"
         fragment="true"
         unpack="false"/>

   <plugin
         id="org.eclipse.swt.gtk.linux.ppc64"
         os="linux"
         ws="gtk"
         arch="ppc64"
         download-size="2417"
         install-size="6347"
         version="3.103.0.v20131030-1517"
         fragment="true"
         unpack="false"/>

   <plugin
         id="org.eclipse.swt.gtk.linux.x86_64"
         os="linux"
         ws="gtk"
         arch="x86_64"
         download-size="2485"
         install-size="6045"
         version="3.103.0.v20131030-1517"
         fragment="true"
         unpack="false"/>

   <plugin
         id="org.eclipse.swt.cocoa.macosx"
         os="macosx"
         ws="cocoa"
         arch="x86"
         download-size="2299"
         install-size="5637"
         version="3.103.0.v20131030-1517"
         fragment="true"
         unpack="false"/>

   <plugin
         id="org.eclipse.swt.cocoa.macosx.x86_64"
         os="macosx"
         ws="cocoa"
         arch="x86_64"
         download-size="2204"
         install-size="5064"
         version="3.103.0.v20131030-1517"
         fragment="true"
         unpack="false"/>

   <plugin
         id="org.eclipse.swt.gtk.aix.ppc"
         os="aix"
         ws="gtk"
         arch="ppc"
         download-size="2247"
         install-size="5630"
         version="3.103.0.v20131030-1517"
         fragment="true"
         unpack="false"/>

   <plugin
         id="org.eclipse.swt.gtk.aix.ppc64"
         os="aix"
         ws="gtk"
         arch="ppc64"
         download-size="2285"
         install-size="5824"
         version="3.103.0.v20131030-1517"
         fragment="true"
         unpack="false"/>

   <plugin
         id="org.eclipse.swt.gtk.hpux.ia64"
         os="hpux"
         ws="gtk"
         arch="ia64"
         download-size="2311"
         install-size="6245"
         version="3.103.0.v20131030-1517"
         fragment="true"
         unpack="false"/>

   <plugin
         id="org.eclipse.equinox.util"
         download-size="75"
         install-size="139"
         version="1.0.500.v20130404-1337"
         unpack="false"/>

   <plugin
         id="org.eclipse.jface"
         download-size="1085"
         install-size="2175"
         version="3.10.0.v20131015-1506"
         unpack="false"/>

   <plugin
         id="org.eclipse.jface.databinding"
         download-size="271"
         install-size="548"
         version="1.6.200.v20130515-1857"
         unpack="false"/>

   <plugin
         id="org.eclipse.e4.ui.workbench3"
         download-size="9"
         install-size="14"
         version="0.12.0.v20130515-1857"
         unpack="false"/>

   <plugin
         id="org.apache.felix.gogo.command"
         download-size="56"
         install-size="113"
         version="0.10.0.v201209301215"
         unpack="false"/>

   <plugin
         id="org.apache.felix.gogo.runtime"
         download-size="78"
         install-size="154"
         version="0.10.0.v201209301036"
         unpack="false"/>

   <plugin
         id="org.apache.felix.gogo.shell"
         download-size="59"
         install-size="121"
         version="0.10.0.v201212101605"
         unpack="false"/>

   <plugin
         id="org.eclipse.equinox.console"
         download-size="115"
         install-size="237"
         version="1.1.0.v20131021-1843"
         unpack="false"/>

   <plugin
         id="org.eclipse.e4.ui.workbench.addons.swt"
         download-size="123"
         install-size="253"
         version="1.0.100.v20131030-1357"
         unpack="false"/>

   <plugin
         id="org.eclipse.equinox.bidi"
         download-size="47"
         install-size="89"
         version="0.10.0.v20130327-1442"
         unpack="false"/>

</feature>
